{"cameraMode":{"drawMode":0,"name":"Shaded","section":"Shading Mode"},"sceneLighting":true,"audioPlay":false,"sceneViewState":{"m_AlwaysRefresh":false,"showFog":true,"showSkybox":true,"showFlares":true,"showImageEffects":true,"showParticleSystems":true,"showVisualEffectGraphs":true,"m_FxEnabled":true},"in2DMode":false,"pivot":{"x":177.15744018554688,"y":-252.09654235839845,"z":252.97979736328126},"rotation":{"x":0.3473675847053528,"y":0.32455605268478396,"z":-0.12955881655216218,"w":0.8701757788658142},"size":244.8074493408203,"orthographic":false}